topic,total,Anarcho_Capitalism,Liberal,NeutralPolitics,Conservative,AskThe_Donald
0,60983,13935,309,72,43087,3580
1,30276,5252,164,223,22907,1730
2,25718,870,326,193,23096,1233
3,24052,6183,214,181,16794,680
4,22691,6055,204,191,15132,1109
5,18807,2134,187,200,15318,968
6,18754,4871,237,348,12445,853
7,17951,340,611,1576,13802,1622
8,16307,3406,129,106,11962,704
9,15987,1581,238,93,13363,712
10,12658,2152,112,45,9771,578
11,11986,550,123,18,10676,619
12,10954,2703,91,94,7605,461
13,10890,7895,15,47,2759,174
14,10423,2422,74,146,7460,321
15,10042,260,27,19,9535,201
16,9819,1917,27,4,7488,383
17,9015,685,114,276,7029,911
18,8318,602,120,111,7028,457
19,8208,8088,0,1,107,12
20,8161,127,82,0,7640,312
21,7812,473,95,168,6780,296
22,7732,733,61,16,6508,414
23,7349,1444,47,42,5420,396
24,7065,3021,88,194,3344,418
25,6630,358,80,9,5797,386
26,6560,2021,96,285,3922,236
27,6558,2598,26,68,3715,151
28,6496,841,83,22,5268,282
29,6289,1466,12,10,4644,157
30,5416,1691,36,11,3517,161
31,4980,207,189,128,4309,147
32,4972,1936,46,43,2723,224
33,4925,970,16,29,3299,611
34,4474,562,17,43,3688,164
35,4277,1008,10,3,2996,260
36,3624,2115,29,13,1327,140
37,3534,444,6,61,2897,126
38,3471,1156,3,174,2027,111
39,3203,816,13,0,2222,152
40,3197,41,10,0,3065,81
41,3185,406,36,16,2584,143
42,3175,427,85,1,2514,148
43,2928,235,19,16,2593,65
44,2900,294,3,1,2566,36
45,2777,725,16,17,1877,142
46,2621,152,91,21,2254,103
47,2493,1857,4,17,552,63
48,2033,197,3,2,1774,57
49,1989,611,18,23,1264,73
50,1986,139,5,0,1763,79
51,1963,809,10,52,1055,37
52,1956,1,0,1954,1,0
53,1865,165,22,17,1616,45
54,1803,192,26,3,1556,26
55,1798,803,3,6,849,137
56,1786,70,12,0,1678,26
57,1766,418,11,39,1229,69
58,1746,156,9,0,1506,75
59,1710,27,65,13,1497,108
60,1663,22,6,0,1524,111
61,1630,694,18,21,833,64
62,1569,20,12,0,1491,46
63,1554,566,13,7,906,62
64,1547,32,5,2,1454,54
65,1478,23,15,2,1334,104
66,1401,709,9,6,643,34
67,1381,1372,0,1,8,0
68,1356,600,27,27,645,57
69,1313,19,56,9,1196,33
70,1308,1189,0,6,105,8
71,1266,29,32,25,1144,36
72,1257,226,16,19,699,297
73,1239,994,0,28,213,4
74,1219,103,4,0,1072,40
75,1207,37,8,6,1140,16
76,1207,11,2,0,1160,34
77,1166,150,8,0,931,77
78,1154,189,2,0,887,76
79,1122,52,0,54,976,40
80,1112,347,4,6,691,64
81,1072,346,14,21,642,49
82,1069,30,5,1,990,43
83,1064,93,15,11,819,126
84,1038,54,13,46,776,149
85,1035,59,7,0,924,45
86,1028,71,12,0,923,22
87,1002,209,3,1,743,46
88,961,284,1,7,610,59
89,958,189,7,5,721,36
90,954,422,4,3,489,36
91,949,0,0,949,0,0
92,932,96,16,10,765,45
93,928,48,25,14,764,77
94,907,51,7,25,764,60
95,898,11,64,5,814,4
96,878,7,3,2,820,46
97,876,44,0,0,824,8
98,875,9,9,2,827,28
99,863,656,4,2,180,21
100,862,9,24,0,803,26
101,853,44,0,14,750,45
102,838,5,1,821,9,2
103,820,46,1,3,757,13
104,817,268,7,99,401,42
105,811,28,48,151,503,81
106,807,200,7,11,561,28
107,790,141,0,0,615,34
108,785,151,21,2,559,52
109,772,152,1,2,578,39
110,758,12,4,12,714,16
111,751,10,12,64,593,72
112,750,104,1,0,596,49
113,749,60,1,0,682,6
114,747,142,0,3,590,12
115,738,50,26,16,584,62
116,731,680,0,0,49,2
117,730,248,4,3,444,31
118,720,18,25,5,647,25
119,715,130,3,1,525,56
120,714,131,1,3,562,17
121,708,89,3,0,546,70
122,694,156,0,1,528,9
123,691,465,12,1,201,12
124,690,86,28,3,531,42
125,683,302,1,22,341,17
126,670,11,2,0,636,21
127,659,205,15,7,408,24
128,657,125,17,1,492,22
129,656,10,27,3,584,32
130,655,16,1,1,620,17
131,640,91,1,7,524,17
132,637,36,2,2,558,39
133,628,28,16,0,537,47
134,626,110,0,2,436,78
135,617,10,47,25,528,7
136,614,75,0,1,525,13
137,610,50,3,9,529,19
138,605,13,12,1,562,17
139,599,181,0,1,405,12
140,590,544,0,6,39,1
141,590,14,0,0,543,33
142,586,8,23,1,529,25
143,585,27,1,0,517,40
144,581,72,3,0,489,17
145,580,55,1,0,430,94
146,569,181,0,2,329,57
147,561,38,2,2,500,19
148,559,39,0,1,488,31
149,553,89,4,0,441,19
150,530,5,0,0,524,1
151,530,117,6,2,388,17
152,522,43,0,0,440,39
153,520,255,0,49,208,8
154,513,12,17,2,454,28
155,511,23,7,33,399,49
156,511,25,17,46,370,53
157,506,370,0,0,127,9
158,500,280,17,4,185,14
159,500,147,0,0,340,13
160,499,15,18,97,345,24
161,498,9,0,0,486,3
162,498,59,12,7,368,52
163,496,12,11,2,441,30
164,495,37,3,3,447,5
165,491,35,3,1,428,24
166,489,284,0,0,191,14
167,489,118,10,2,356,3
168,488,57,4,0,411,16
169,487,23,15,0,422,27
170,486,391,0,0,93,2
171,482,254,9,0,148,71
172,482,80,0,0,376,26
173,477,244,1,0,218,14
174,477,74,0,17,373,13
175,473,15,10,23,419,6
176,470,12,15,5,419,19
177,467,88,4,14,355,6
178,464,157,1,1,303,2
179,462,91,2,4,343,22
180,462,49,4,0,401,8
181,456,14,10,0,411,21
182,448,2,3,0,390,53
183,447,199,0,0,239,9
184,445,92,6,15,302,30
185,430,45,0,0,369,16
186,425,22,1,2,396,4
187,423,133,0,2,288,0
188,420,97,3,6,293,21
189,420,19,0,48,349,4
190,419,81,6,3,311,18
191,414,51,12,12,320,19
192,413,102,3,0,299,9
193,412,11,2,0,385,14
194,407,96,18,26,246,21
195,406,14,5,14,369,4
196,402,8,17,0,356,21
197,401,203,4,8,176,10
198,400,42,0,0,351,7
199,399,2,27,0,359,11
200,396,12,1,0,374,9
201,395,15,3,31,339,7
202,390,22,9,0,346,13
203,385,6,2,2,346,29
204,383,15,0,4,338,26
205,382,107,3,0,264,8
206,377,228,1,3,138,7
207,371,45,14,1,296,15
208,370,17,0,1,305,47
209,368,24,3,0,321,20
210,365,12,0,0,335,18
211,365,277,0,2,84,2
212,364,65,1,0,278,20
213,362,28,4,2,313,15
214,357,35,4,1,307,10
215,356,39,0,0,309,8
216,354,92,0,0,237,25
217,345,27,1,1,304,12
218,344,68,3,25,233,15
219,342,22,1,0,280,39
220,340,159,13,1,128,39
221,340,16,11,1,309,3
222,339,28,1,4,266,40
223,337,7,10,1,297,22
224,335,21,6,1,298,9
225,335,32,5,5,285,8
226,334,14,1,1,308,10
227,333,15,0,0,318,0
228,333,13,6,0,295,19
229,328,30,9,2,281,6
230,327,46,2,1,274,4
231,326,46,0,2,261,17
232,324,59,7,1,235,22
233,322,57,7,0,213,45
234,320,40,1,2,265,12
235,312,4,0,0,306,2
236,311,145,4,0,150,12
237,309,109,8,0,167,25
238,309,22,1,0,267,19
239,307,22,0,0,275,10
240,306,47,0,0,232,27
241,298,87,6,4,196,5
242,297,294,0,0,3,0
243,296,57,0,6,220,13
244,296,27,2,0,255,12
245,296,17,2,0,262,15
246,295,28,2,1,246,18
247,295,123,0,1,166,5
248,293,30,1,1,249,12
249,293,21,0,2,266,4
250,292,60,7,3,197,25
251,290,56,2,0,208,24
252,289,61,2,8,196,22
253,288,4,6,11,217,50
254,285,37,0,0,233,15
255,283,5,0,0,267,11
256,281,106,10,1,155,9
257,280,11,2,8,253,6
258,280,207,1,2,64,6
259,279,34,8,1,229,7
260,275,16,14,14,221,10
261,273,75,5,2,166,25
262,271,12,7,0,236,16
263,271,28,1,2,219,21
264,267,15,10,2,234,6
265,267,44,3,0,219,1
266,267,1,0,0,260,6
267,266,18,14,2,226,6
268,266,11,1,5,230,19
269,264,205,2,7,48,2
270,264,0,16,6,223,19
271,263,128,0,1,126,8
272,263,13,1,0,242,7
273,262,10,7,0,200,45
274,261,50,2,0,195,14
275,258,45,2,0,159,52
276,258,243,0,0,15,0
277,257,5,1,0,237,14
278,257,23,1,0,222,11
279,256,12,16,3,204,21
280,254,32,1,0,208,13
281,252,23,4,2,194,29
282,251,50,4,0,187,10
283,251,52,3,12,171,13
284,251,66,0,1,180,4
285,251,2,0,0,246,3
286,247,8,1,0,213,25
287,245,35,2,6,194,8
288,245,35,4,2,191,13
289,245,208,0,0,37,0
290,244,232,0,3,8,1
291,242,0,1,0,238,3
292,240,160,0,6,71,3
293,240,18,0,5,143,74
294,239,20,0,0,212,7
295,239,11,1,0,222,5
296,238,97,0,0,139,2
297,237,4,6,1,220,6
298,236,5,3,0,208,20
299,234,38,1,0,187,8
300,233,5,8,21,188,11
301,233,23,0,0,192,18
302,232,46,3,9,148,26
303,229,42,3,0,178,6
304,228,16,1,0,198,13
305,228,2,0,0,221,5
306,226,29,0,0,191,6
307,225,35,2,8,177,3
308,224,34,4,12,147,27
309,224,188,0,0,33,3
310,223,53,10,1,155,4
311,222,4,10,1,198,9
312,220,13,0,3,199,5
313,220,31,1,5,176,7
314,219,0,0,2,214,3
315,218,161,0,2,54,1
316,218,19,2,0,183,14
317,216,50,2,3,155,6
318,213,36,0,0,165,12
319,213,11,12,3,170,17
320,209,50,1,2,141,15
321,209,26,4,0,164,15
322,208,75,0,0,115,18
323,208,2,9,0,192,5
324,207,31,1,1,167,7
325,206,29,1,1,162,13
326,203,5,1,0,182,15
327,202,12,1,0,170,19
328,199,7,1,21,159,11
329,199,57,0,0,123,19
330,198,172,0,0,25,1
331,198,138,0,2,37,21
332,197,169,1,0,26,1
333,197,3,1,0,187,6
334,194,10,2,1,173,8
335,194,61,0,2,120,11
336,193,1,1,0,191,0
337,192,3,4,0,180,5
338,191,52,3,4,124,8
339,189,1,0,0,187,1
340,188,3,1,0,172,12
341,188,13,0,0,171,4
342,188,8,1,0,176,3
343,186,10,3,1,164,8
344,184,19,0,0,134,31
345,184,22,1,1,146,14
346,183,16,6,0,152,9
347,183,37,1,0,137,8
348,183,99,1,19,56,8
349,182,13,2,0,154,13
350,182,53,0,0,112,17
351,181,46,1,0,128,6
352,180,11,3,0,163,3
353,180,48,0,0,124,8
354,180,3,13,0,149,15
355,177,15,3,2,141,16
356,174,16,0,0,157,1
357,173,45,0,0,120,8
358,172,27,3,1,120,21
359,171,89,0,0,82,0
360,169,4,3,0,157,5
361,169,33,1,0,132,3
362,168,10,0,0,154,4
363,168,124,0,1,43,0
364,167,25,0,0,129,13
365,167,88,0,5,59,15
366,167,0,0,167,0,0
367,167,18,1,0,138,10
368,167,88,1,2,68,8
369,166,2,1,0,163,0
370,165,70,0,4,84,7
371,165,91,0,0,71,3
372,164,9,0,0,135,20
373,163,3,0,0,160,0
374,162,28,4,0,120,10
375,162,71,0,1,86,4
376,160,23,0,0,136,1
377,160,14,0,0,141,5
378,157,39,0,0,115,3
379,157,0,5,12,137,3
380,156,44,2,2,100,8
381,156,53,2,2,98,1
382,156,47,0,0,97,12
383,156,12,3,1,139,1
384,156,137,0,1,17,1
385,155,2,5,1,144,3
386,155,32,0,0,113,10
387,154,23,2,0,121,8
388,153,17,0,1,126,9
389,152,54,0,0,96,2
390,152,10,0,15,112,15
391,149,1,0,0,89,59
392,148,29,0,8,102,9
393,147,30,1,0,113,3
394,147,12,0,0,123,12
395,147,74,0,0,58,15
396,146,6,0,0,133,7
397,146,46,0,2,91,7
398,146,16,9,0,114,7
399,145,14,1,7,109,14
400,145,115,0,0,28,2
401,145,14,0,0,117,14
402,144,7,1,0,136,0
403,144,78,3,2,60,1
404,143,10,0,0,106,27
405,143,3,4,0,131,5
406,141,9,1,0,128,3
407,140,116,1,4,18,1
408,140,34,0,0,98,8
409,140,4,0,14,115,7
410,140,15,0,0,119,6
411,140,62,0,1,72,5
412,139,12,0,2,106,19
413,139,52,1,1,74,11
414,139,52,0,0,76,11
415,138,118,0,0,20,0
416,138,126,1,1,9,1
417,138,18,1,0,112,7
418,137,70,0,0,61,6
419,137,11,0,1,117,8
420,137,57,0,0,73,7
421,136,6,4,24,102,0
422,136,14,0,1,113,8
423,135,18,0,0,115,2
424,135,22,0,1,106,6
425,135,8,1,11,104,11
426,134,64,0,0,64,6
427,133,10,2,0,118,3
428,133,4,0,0,124,5
429,133,52,0,2,76,3
430,132,8,0,0,121,3
431,132,15,0,0,112,5
432,132,10,0,0,117,5
433,132,48,1,6,72,5
434,131,6,0,1,113,11
435,131,0,6,0,123,2
436,130,18,0,0,108,4
437,130,12,0,1,113,4
438,130,49,0,0,67,14
439,130,23,0,3,97,7
440,129,123,0,0,6,0
441,129,6,0,0,117,6
442,129,2,8,0,109,10
443,128,8,0,0,117,3
444,128,70,0,0,58,0
445,128,54,1,0,72,1
446,127,45,0,0,75,7
447,127,1,0,0,125,1
448,127,33,2,3,87,2
449,127,81,0,0,42,4
450,126,4,0,2,119,1
451,126,116,0,0,10,0
452,125,101,0,0,24,0
453,125,1,0,0,123,1
454,125,0,125,0,0,0
455,125,0,2,0,113,10
456,124,0,1,0,116,7
457,124,20,0,9,94,1
458,124,22,0,0,96,6
459,124,45,0,2,75,2
460,123,63,8,6,41,5
461,122,17,0,0,104,1
462,122,30,1,0,89,2
463,122,54,0,3,65,0
464,122,9,4,1,96,12
465,121,38,1,0,82,0
466,121,4,0,0,114,3
467,121,36,3,0,74,8
468,121,3,4,6,108,0
469,120,13,0,14,75,18
470,119,1,1,2,104,11
471,119,8,2,0,106,3
472,119,5,0,0,113,1
473,119,34,5,0,64,16
474,119,49,0,0,60,10
475,118,0,0,118,0,0
476,117,9,3,1,98,6
477,117,6,0,0,107,4
478,116,3,0,0,106,7
479,116,6,0,0,89,21
480,115,7,4,0,98,6
481,115,0,2,2,109,2
482,115,2,0,0,112,1
483,115,13,0,0,96,6
484,115,57,0,1,51,6
485,115,3,0,0,108,4
486,115,13,9,0,89,4
487,115,23,1,0,86,5
488,115,6,0,0,107,2
489,115,0,0,0,113,2
490,114,7,2,2,101,2
491,114,15,0,9,86,4
492,114,16,1,1,95,1
493,114,31,1,1,74,7
494,113,2,0,0,111,0
495,113,11,0,0,94,8
496,113,6,0,0,105,2
497,113,12,1,0,96,4
498,113,39,0,0,72,2
499,112,39,0,0,70,3
500,112,3,1,0,106,2
501,112,38,1,0,65,8
502,112,52,2,2,52,4
503,112,4,1,0,107,0
504,111,45,1,0,62,3
505,111,0,0,111,0,0
506,111,2,2,0,107,0
507,111,18,2,0,86,5
508,110,66,0,0,40,4
509,110,47,1,0,51,11
510,110,58,0,0,47,5
511,110,11,5,0,79,15
512,110,2,0,0,99,9
513,109,24,0,2,77,6
514,109,8,0,0,92,9
515,109,3,0,0,101,5
516,108,0,2,4,97,5
517,108,51,0,3,53,1
518,108,95,0,0,13,0
519,108,12,1,0,86,9
520,108,10,1,0,89,8
521,108,40,1,0,64,3
522,108,23,0,0,83,2
523,107,9,0,2,83,13
524,107,15,0,2,86,4
525,106,2,2,0,97,5
526,106,4,2,0,96,4
527,106,26,0,1,72,7
528,106,105,0,0,1,0
529,105,1,0,0,95,9
530,105,1,0,1,101,2
531,105,74,3,0,26,2
532,105,42,0,0,58,5
533,105,16,1,0,85,3
534,105,19,0,2,79,5
535,105,7,0,4,88,6
536,105,1,0,0,95,9
537,105,9,0,0,78,18
538,104,7,1,1,55,40
539,102,2,1,1,95,3
540,102,55,0,0,41,6
541,102,3,2,0,97,0
542,102,39,0,1,62,0
543,102,6,0,8,87,1
544,102,14,0,0,78,10
545,101,4,4,1,89,3
546,101,17,0,0,80,4
547,101,6,0,3,78,14
548,101,5,0,0,95,1
549,101,7,0,0,77,17
550,100,13,2,0,79,6
551,100,1,0,3,93,3
552,100,0,13,0,84,3
553,99,0,2,1,94,2
554,99,10,3,1,80,5
555,99,3,6,0,86,4
556,98,2,0,3,91,2
557,98,11,2,0,76,9
558,98,11,2,0,85,0
559,98,1,0,1,93,3
560,98,42,0,0,54,2
561,97,29,2,2,61,3
562,97,77,0,0,19,1
563,97,0,0,0,92,5
564,97,4,0,0,93,0
565,96,19,2,0,72,3
566,96,2,1,2,84,7
567,96,35,0,0,54,7
568,96,5,6,6,66,13
569,96,15,1,10,70,0
570,96,3,4,0,88,1
571,96,22,1,0,68,5
572,95,0,2,0,92,1
573,95,38,0,2,50,5
574,95,2,5,1,84,3
575,95,18,1,2,72,2
576,94,1,7,1,83,2
577,93,6,0,0,81,6
578,93,12,0,0,79,2
579,93,23,0,0,66,4
580,93,3,1,2,86,1
581,93,12,1,0,78,2
582,92,3,0,0,79,10
583,92,77,0,0,14,1
584,92,25,3,0,63,1
585,92,36,0,1,54,1
586,91,13,3,0,75,0
587,91,34,0,0,54,3
588,91,0,2,0,82,7
589,91,50,1,0,40,0
590,91,87,0,1,3,0
591,91,13,0,0,69,9
592,91,1,2,0,83,5
593,91,2,4,0,78,7
594,90,20,0,0,70,0
595,90,51,0,0,37,2
596,90,3,1,3,77,6
597,90,66,0,0,10,14
598,90,35,0,0,50,5
599,89,17,0,0,69,3
600,89,27,9,1,46,6
601,89,4,0,0,77,8
602,89,2,0,0,85,2
603,89,68,0,0,19,2
604,88,10,1,1,74,2
605,88,6,3,7,70,2
606,88,10,4,0,63,11
607,88,66,0,0,21,1
608,88,4,1,7,72,4
609,88,8,0,0,77,3
610,87,9,0,0,74,4
611,87,51,0,0,35,1
612,87,12,0,0,73,2
613,87,18,2,0,55,12
614,87,85,0,2,0,0
615,86,7,0,0,76,3
616,86,10,1,1,73,1
617,86,6,0,0,76,4
618,86,8,0,0,68,10
619,86,21,1,0,60,4
620,86,6,0,0,78,2
621,85,2,0,0,80,3
622,85,7,1,0,72,5
623,85,15,10,0,54,6
624,84,82,0,0,2,0
625,84,6,0,0,74,4
626,84,20,1,1,61,1
627,84,37,0,0,45,2
628,84,6,0,0,66,12
629,84,4,0,0,79,1
630,84,0,1,1,74,8
631,84,0,20,0,61,3
632,84,21,0,7,54,2
633,84,3,4,0,76,1
634,84,11,0,0,73,0
635,83,6,2,0,71,4
636,83,15,0,2,66,0
637,83,82,0,0,1,0
638,83,4,0,0,77,2
639,83,43,0,1,37,2
640,83,5,0,0,62,16
641,83,6,3,0,68,6
642,82,17,0,5,59,1
643,82,19,0,2,59,2
644,82,4,0,0,73,5
645,82,30,0,0,47,5
646,82,26,1,1,53,1
647,82,0,1,0,77,4
648,81,20,0,2,55,4
649,81,31,1,0,46,3
650,81,0,1,0,75,5
651,81,26,1,0,52,2
652,81,75,0,0,6,0
653,80,5,0,0,69,6
654,80,45,0,0,34,1
655,80,14,1,1,62,2
656,80,10,0,0,70,0
657,80,9,2,1,64,4
658,79,7,0,1,70,1
659,79,24,2,7,41,5
660,79,6,0,0,71,2
661,79,15,1,0,61,2
662,79,47,3,0,28,1
663,79,2,0,0,74,3
664,79,44,1,0,33,1
665,79,29,1,0,45,4
666,79,4,0,0,72,3
667,78,7,2,0,69,0
668,78,17,0,0,52,9
669,78,8,0,0,70,0
670,78,1,0,0,72,5
671,78,37,0,0,38,3
672,78,2,0,1,69,6
673,78,8,0,2,66,2
674,78,1,4,0,65,8
675,77,76,0,0,0,1
676,77,7,4,0,62,4
677,76,1,0,0,75,0
678,76,38,0,3,32,3
679,76,60,0,0,16,0
680,76,10,1,0,59,6
681,76,43,0,0,31,2
682,76,7,3,4,59,3
683,76,11,0,3,57,5
684,76,23,0,0,53,0
685,76,2,0,0,71,3
686,75,15,0,0,60,0
687,75,0,0,0,75,0
688,75,18,0,4,51,2
689,75,0,2,0,72,1
690,75,3,3,0,64,5
691,75,75,0,0,0,0
692,75,68,0,0,7,0
693,75,57,0,0,17,1
694,75,74,0,0,1,0
695,75,4,0,0,70,1
696,75,0,0,0,75,0
697,75,16,0,0,55,4
698,75,0,0,0,73,2
699,74,11,0,0,56,7
700,74,41,0,2,31,0
701,74,0,0,0,73,1
702,74,21,0,0,45,8
703,74,0,4,0,64,6
704,74,12,0,1,60,1
705,74,26,1,0,45,2
706,74,6,2,0,62,4
707,74,0,0,0,71,3
708,73,3,0,0,58,12
709,73,62,0,0,10,1
710,73,2,3,1,60,7
711,73,3,0,0,67,3
712,73,25,1,1,44,2
713,73,0,9,0,64,0
714,72,46,11,1,13,1
715,72,4,0,2,64,2
716,72,26,0,0,44,2
717,72,62,0,0,9,1
718,72,43,0,0,26,3
719,71,44,0,0,26,1
720,71,68,0,0,3,0
721,71,3,0,0,59,9
722,71,6,0,38,22,5
723,71,0,0,0,70,1
724,71,7,0,0,62,2
725,70,13,0,5,49,3
726,70,21,0,0,47,2
727,70,1,3,0,61,5
728,70,33,0,0,34,3
729,70,17,0,0,50,3
730,70,17,0,0,46,7
731,70,5,0,0,65,0
732,70,8,0,0,58,4
733,69,15,0,0,51,3
734,69,1,0,0,67,1
735,69,5,0,0,60,4
736,69,30,0,0,37,2
737,69,64,0,0,5,0
738,69,37,0,2,27,3
739,68,6,0,0,58,4
740,68,2,0,0,66,0
741,68,1,0,0,67,0
742,68,2,0,0,65,1
743,68,2,0,0,64,2
744,68,1,0,0,63,4
745,68,29,0,0,36,3
746,68,24,0,2,40,2
747,68,34,1,0,29,4
748,68,10,4,5,45,4
749,68,2,0,0,66,0
750,67,6,0,0,59,2
751,67,19,0,0,45,3
752,67,2,0,1,31,33
753,67,5,2,2,58,0
754,67,20,2,0,41,4
755,66,30,0,0,29,7
756,66,32,1,0,33,0
757,66,13,0,0,53,0
758,66,45,0,0,17,4
759,66,28,0,0,36,2
760,66,2,0,0,63,1
761,66,37,1,0,28,0
762,66,6,1,0,59,0
763,66,0,0,0,64,2
764,65,15,0,0,45,5
765,65,65,0,0,0,0
766,65,10,0,2,53,0
767,65,9,1,0,50,5
768,65,18,0,0,45,2
769,64,11,0,0,47,6
770,64,6,1,0,57,0
771,64,0,2,1,56,5
772,64,17,0,0,45,2
773,64,3,0,0,55,6
774,64,0,0,0,61,3
775,64,64,0,0,0,0
776,64,8,1,0,52,3
777,64,61,0,0,3,0
778,63,0,3,0,49,11
779,63,63,0,0,0,0
780,63,30,1,0,30,2
781,63,38,0,0,25,0
782,63,7,0,0,53,3
783,63,63,0,0,0,0
784,63,11,0,1,48,3
785,63,0,0,0,63,0
786,63,56,2,0,5,0
787,62,8,0,4,48,2
788,62,2,2,0,56,2
789,62,2,0,0,60,0
790,62,15,2,2,37,6
791,62,7,0,1,52,2
792,62,40,0,0,22,0
793,62,7,0,0,55,0
794,62,21,1,0,37,3
795,62,1,0,0,60,1
796,62,13,0,6,39,4
797,62,2,1,0,57,2
798,62,39,0,2,21,0
799,61,25,0,1,26,9
800,61,1,0,1,58,1
801,61,0,0,0,59,2
802,61,1,0,0,58,2
803,61,31,1,0,27,2
804,61,54,1,0,6,0
805,60,6,0,0,54,0
806,60,3,0,0,55,2
807,60,11,0,1,47,1
808,60,33,0,0,25,2
809,60,58,0,0,2,0
810,60,12,0,0,40,8
811,59,13,1,2,34,9
812,59,8,0,0,49,2
813,59,18,0,0,34,7
814,59,1,0,10,44,4
815,59,59,0,0,0,0
816,59,5,0,0,53,1
817,59,8,0,0,48,3
818,59,0,0,0,56,3
819,59,5,2,0,50,2
820,59,1,0,0,58,0
821,59,26,0,0,21,12
822,58,0,0,0,58,0
823,58,21,0,0,34,3
824,58,14,3,1,38,2
825,58,4,0,0,38,16
826,58,0,2,0,54,2
827,58,4,1,0,49,4
828,58,18,0,0,39,1
829,58,20,0,0,34,4
830,58,18,0,2,37,1
831,58,40,0,0,16,2
832,58,40,1,0,16,1
833,58,10,0,0,47,1
834,58,43,0,2,13,0
835,58,6,2,0,40,10
836,57,0,2,0,53,2
837,57,0,0,0,55,2
838,57,25,0,0,27,5
839,57,26,0,0,29,2
840,57,10,1,0,41,5
841,57,52,0,1,4,0
842,57,1,0,0,55,1
843,57,16,1,0,39,1
844,57,3,4,0,50,0
845,57,1,0,1,54,1
846,57,7,0,0,49,1
847,56,21,0,0,28,7
848,56,13,4,0,37,2
849,56,7,3,0,44,2
850,56,1,0,0,52,3
851,56,9,1,0,41,5
852,56,8,8,0,40,0
853,56,9,0,0,45,2
854,56,13,1,0,39,3
855,56,54,0,0,2,0
856,56,7,1,2,44,2
857,56,4,1,0,43,8
858,56,2,0,8,45,1
859,55,0,0,3,52,0
860,55,3,1,0,48,3
861,55,32,0,0,23,0
862,55,31,0,0,20,4
863,54,2,0,0,44,8
864,54,15,0,0,36,3
865,54,4,0,0,50,0
866,54,14,0,0,40,0
867,54,21,0,1,29,3
868,54,0,0,0,53,1
869,53,5,0,0,42,6
870,53,2,0,0,48,3
871,53,1,1,0,50,1
872,53,0,1,0,42,10
873,53,0,1,0,48,4
874,53,10,0,0,40,3
875,53,1,0,0,51,1
876,52,9,0,7,34,2
877,52,2,3,6,35,6
878,52,1,0,0,51,0
879,52,0,0,0,45,7
880,52,23,0,0,26,3
881,52,1,0,0,46,5
882,52,2,0,0,42,8
883,52,8,0,0,44,0
884,52,21,0,0,31,0
885,52,38,0,1,13,0
886,52,15,0,0,37,0
887,52,52,0,0,0,0
888,52,12,0,0,38,2
889,52,0,2,2,48,0
890,52,2,2,0,46,2
891,52,3,3,0,46,0
892,52,5,0,0,47,0
893,51,3,0,0,48,0
894,51,2,0,0,45,4
895,51,6,0,0,42,3
896,51,12,0,0,37,2
897,51,14,0,0,33,4
898,51,28,0,0,17,6
899,51,14,0,0,32,5
900,51,4,0,0,46,1
901,51,12,1,2,33,3
902,51,3,0,2,46,0
903,51,14,0,0,31,6
904,51,5,0,0,46,0
905,50,0,9,1,37,3
906,50,42,0,0,8,0
907,50,6,0,1,41,2
908,50,1,0,0,49,0
909,50,50,0,0,0,0
910,50,2,0,0,41,7
911,50,33,0,0,16,1
912,50,33,0,0,17,0
913,50,3,2,0,45,0
914,50,2,2,2,44,0
915,49,5,0,0,44,0
916,49,0,0,0,49,0
917,49,2,0,0,43,4
918,49,36,0,1,12,0
919,49,9,3,0,35,2
920,49,4,0,0,38,7
921,49,16,0,0,29,4
922,49,2,6,0,32,9
923,49,1,2,0,40,6
924,49,8,0,0,39,2
925,49,17,1,0,28,3
926,49,0,0,0,47,2
927,48,4,1,4,36,3
928,48,0,0,0,48,0
929,48,12,1,0,33,2
930,48,0,0,0,48,0
931,48,7,1,7,31,2
932,48,1,0,0,45,2
933,48,1,2,0,45,0
934,48,31,0,0,17,0
935,48,4,0,0,43,1
936,47,0,1,1,39,6
937,47,6,0,0,41,0
938,47,23,0,1,23,0
939,47,8,0,0,36,3
940,47,24,0,0,22,1
941,47,7,0,1,35,4
942,47,3,0,3,36,5
943,47,17,0,2,26,2
944,47,9,0,0,36,2
945,46,1,0,0,43,2
946,46,25,0,0,17,4
947,46,0,0,0,44,2
948,46,3,0,1,39,3
949,46,1,0,0,44,1
950,46,46,0,0,0,0
951,46,18,1,0,24,3
952,46,10,2,1,31,2
953,46,4,1,0,40,1
954,45,0,0,0,41,4
955,45,9,1,0,34,1
956,45,5,0,0,40,0
957,45,0,0,0,45,0
958,45,1,2,0,39,3
959,45,12,0,0,30,3
960,45,3,0,0,42,0
961,45,2,0,0,40,3
962,45,2,0,0,43,0
963,45,11,0,1,32,1
964,45,9,0,0,34,2
965,44,5,0,1,36,2
966,44,0,0,0,44,0
967,44,40,0,0,2,2
968,44,2,0,5,36,1
969,44,19,0,0,22,3
970,44,11,0,0,30,3
971,44,0,0,0,44,0
972,44,0,0,0,44,0
973,44,0,0,0,42,2
974,44,1,0,0,42,1
975,44,1,0,0,43,0
976,44,7,0,0,35,2
977,44,32,0,0,12,0
978,44,6,0,3,32,3
979,44,2,0,0,40,2
980,44,1,0,0,39,4
981,44,34,0,0,10,0
982,44,22,0,0,20,2
983,44,43,0,0,1,0
984,44,2,0,0,41,1
985,44,6,0,0,38,0
986,44,0,0,0,44,0
987,43,1,0,0,41,1
988,43,5,0,0,38,0
989,43,13,0,1,28,1
990,43,1,0,0,40,2
991,43,3,5,0,32,3
992,43,12,0,0,26,5
993,43,3,0,0,38,2
994,43,1,0,0,36,6
995,43,37,0,0,6,0
996,43,5,0,0,38,0
997,43,2,5,0,33,3
998,43,1,0,0,42,0
999,43,5,0,0,37,1
1000,43,4,0,2,32,5
1001,43,0,3,0,39,1
1002,43,0,0,0,40,3
1003,43,6,2,0,35,0
1004,42,1,0,0,37,4
1005,42,13,0,0,29,0
1006,42,27,0,2,11,2
1007,42,16,1,0,24,1
1008,42,3,0,0,26,13
1009,42,12,0,0,27,3
1010,42,1,2,0,37,2
1011,42,17,0,0,25,0
1012,42,1,0,26,11,4
1013,42,11,0,0,31,0
1014,42,35,0,0,6,1
1015,42,18,0,0,24,0
1016,42,41,0,0,1,0
1017,42,2,0,0,34,6
1018,41,1,0,0,40,0
1019,41,2,0,1,34,4
1020,41,7,1,0,32,1
1021,41,8,0,2,31,0
1022,41,0,0,0,38,3
1023,41,5,0,0,31,5
1024,41,2,0,0,39,0
1025,41,31,0,0,10,0
1026,41,7,0,0,34,0
1027,41,0,0,0,41,0
1028,41,6,0,0,31,4
1029,41,8,0,0,32,1
1030,41,17,1,0,23,0
1031,41,0,0,0,39,2
1032,40,5,0,0,33,2
1033,40,4,0,0,28,8
1034,40,6,0,0,29,5
1035,40,11,0,0,29,0
1036,40,21,1,1,12,5
1037,40,4,0,0,35,1
1038,40,3,0,0,37,0
1039,40,12,1,0,26,1
1040,40,3,1,0,34,2
1041,40,0,1,0,36,3
1042,40,6,0,0,34,0
