topic,total,keto,WeightLossAdvice,EDAnonymous
0,20585,20246,315,24
1,14573,1173,1665,11735
2,11356,2370,1477,7509
3,10932,3335,5889,1708
4,8190,7753,111,326
5,7322,5106,1046,1170
6,6739,5992,649,98
7,6521,487,941,5093
8,5823,18,33,5772
9,5482,3758,293,1431
10,5426,1879,773,2774
11,4919,4891,11,17
12,4820,861,3494,465
13,4790,4644,89,57
14,4642,4551,37,54
15,3948,643,190,3115
16,3701,128,59,3514
17,3603,1559,1280,764
18,3601,1887,1577,137
19,3523,2997,194,332
20,3500,2946,150,404
21,3450,3271,112,67
22,2997,2090,846,61
23,2833,1258,212,1363
24,2622,534,1861,227
25,2580,394,2014,172
26,2472,34,98,2340
27,2295,786,1372,137
28,2201,1349,59,793
29,1978,464,73,1441
30,1970,19,48,1903
31,1914,762,696,456
32,1859,489,324,1046
33,1804,1799,5,0
34,1795,1003,598,194
35,1790,1039,571,180
36,1771,186,272,1313
37,1560,200,416,944
38,1551,636,20,895
39,1543,1537,4,2
40,1502,1498,1,3
41,1494,1490,2,2
42,1424,1016,212,196
43,1396,74,73,1249
44,1352,258,853,241
45,1314,10,15,1289
46,1310,38,140,1132
47,1279,633,108,538
48,1254,143,930,181
49,1249,1242,5,2
50,1204,1189,11,4
51,1188,1182,6,0
52,1185,294,29,862
53,1184,142,106,936
54,1167,602,480,85
55,1167,428,624,115
56,1083,543,367,173
57,1060,1005,21,34
58,1057,580,158,319
59,1032,85,418,529
60,989,955,26,8
61,983,214,125,644
62,980,666,237,77
63,948,909,12,27
64,936,898,10,28
65,841,435,84,322
66,821,107,59,655
67,803,729,24,50
68,800,794,4,2
69,797,730,34,33
70,778,711,36,31
71,773,18,3,752
72,703,121,197,385
73,696,376,78,242
74,691,140,543,8
75,678,628,14,36
76,677,675,2,0
77,670,631,24,15
78,649,99,123,427
79,641,616,21,4
80,640,211,389,40
81,640,605,27,8
82,624,612,10,2
83,607,106,302,199
84,598,595,2,1
85,585,580,3,2
86,581,167,330,84
87,580,573,6,1
88,566,437,76,53
89,566,177,331,58
90,561,65,39,457
91,556,225,255,76
92,543,513,12,18
93,530,34,496,0
94,530,14,8,508
95,517,8,2,507
96,514,142,292,80
97,506,31,366,109
98,483,59,38,386
99,468,111,289,68
100,463,181,240,42
101,459,52,69,338
102,448,94,56,298
103,448,43,361,44
104,446,441,2,3
105,443,437,4,2
106,438,426,9,3
107,434,429,2,3
108,427,51,355,21
109,426,422,3,1
110,426,303,44,79
111,415,106,184,125
112,410,399,10,1
113,406,29,368,9
114,405,392,13,0
115,403,361,16,26
116,397,324,33,40
117,394,390,4,0
118,393,381,4,8
119,385,274,27,84
120,379,123,241,15
121,365,47,17,301
122,364,77,219,68
123,362,315,5,42
124,359,159,46,154
125,353,330,19,4
126,352,5,11,336
127,341,17,2,322
128,340,340,0,0
129,340,66,3,271
130,336,306,17,13
131,333,271,20,42
132,331,318,10,3
133,327,225,52,50
134,313,308,5,0
135,311,306,5,0
136,307,307,0,0
137,304,11,5,288
138,303,96,187,20
139,301,289,6,6
140,295,36,133,126
141,293,129,25,139
142,289,67,97,125
143,286,42,126,118
144,277,147,89,41
145,273,202,18,53
146,270,198,29,43
147,266,29,33,204
148,264,73,140,51
149,261,3,5,253
150,260,260,0,0
151,259,117,25,117
152,253,250,0,3
153,248,246,0,2
154,247,241,1,5
155,241,29,141,71
156,240,62,129,49
157,237,61,18,158
158,234,61,28,145
159,233,230,2,1
160,231,9,10,212
161,230,204,14,12
162,229,213,10,6
163,225,63,17,145
164,224,212,8,4
165,223,173,11,39
166,223,66,5,152
167,218,207,10,1
168,215,74,127,14
169,208,206,0,2
170,208,38,9,161
171,207,203,3,1
172,205,193,2,10
173,205,63,137,5
174,203,105,64,34
175,203,42,140,21
176,201,201,0,0
177,198,161,31,6
178,193,21,13,159
179,193,22,165,6
180,193,67,104,22
181,193,16,164,13
182,193,95,85,13
183,189,70,100,19
184,187,1,7,179
185,186,107,7,72
186,184,23,34,127
187,183,181,0,2
188,183,182,0,1
189,182,44,84,54
190,182,179,1,2
191,180,80,88,12
192,176,174,2,0
193,175,147,1,27
194,173,152,13,8
195,173,33,116,24
196,173,30,141,2
197,172,170,2,0
198,168,166,1,1
199,165,160,0,5
200,163,3,13,147
201,163,162,0,1
202,162,157,5,0
203,161,158,0,3
204,160,156,1,3
205,160,158,0,2
206,159,158,1,0
207,159,157,1,1
208,157,117,36,4
209,156,91,64,1
210,155,3,1,151
211,155,151,2,2
212,154,0,0,154
213,153,153,0,0
214,152,72,74,6
215,151,135,9,7
216,150,136,4,10
217,149,37,96,16
218,148,142,5,1
219,148,9,22,117
220,148,82,23,43
221,143,2,3,138
222,141,67,71,3
223,141,4,136,1
224,140,115,19,6
225,139,119,13,7
226,139,0,0,139
227,139,137,2,0
228,137,25,13,99
229,136,9,48,79
230,136,132,2,2
231,136,135,1,0
232,135,132,0,3
233,135,33,2,100
234,134,2,5,127
235,133,14,106,13
236,131,125,4,2
237,130,79,3,48
238,129,86,3,40
239,128,125,3,0
240,127,10,115,2
241,126,126,0,0
242,125,110,8,7
243,125,10,1,114
244,125,79,2,44
245,124,87,1,36
246,123,7,93,23
247,121,101,8,12
248,120,25,35,60
249,119,79,23,17
250,118,105,8,5
251,117,117,0,0
252,116,7,1,108
253,116,89,20,7
254,115,1,1,113
255,115,28,59,28
256,114,102,4,8
257,114,98,8,8
258,114,113,1,0
259,114,105,9,0
260,113,15,20,78
261,113,12,98,3
262,113,45,53,15
263,112,10,64,38
264,111,10,91,10
265,111,110,0,1
266,110,110,0,0
267,110,56,51,3
268,110,40,70,0
269,107,61,22,24
270,107,106,1,0
271,106,62,20,24
272,104,10,27,67
273,103,7,40,56
274,102,90,0,12
275,100,14,0,86
276,100,38,19,43
277,100,3,0,97
278,99,99,0,0
279,98,20,47,31
280,98,3,2,93
281,98,34,61,3
282,98,11,9,78
283,97,79,4,14
284,96,96,0,0
285,95,9,21,65
286,94,29,51,14
287,94,15,5,74
288,94,1,1,92
289,93,93,0,0
290,93,56,24,13
291,91,30,33,28
292,91,61,27,3
293,91,27,57,7
294,91,76,13,2
295,91,2,0,89
296,91,29,41,21
297,90,89,0,1
298,89,3,3,83
299,89,2,87,0
300,89,88,1,0
301,87,0,0,87
302,87,2,3,82
303,87,23,1,63
304,86,1,1,84
305,85,24,54,7
306,85,50,4,31
307,85,85,0,0
308,85,85,0,0
309,84,0,1,83
310,84,64,5,15
311,84,4,71,9
312,84,1,82,1
313,83,83,0,0
314,83,29,52,2
315,82,81,1,0
316,82,28,35,19
317,82,21,60,1
318,81,4,74,3
319,81,7,7,67
320,81,81,0,0
321,80,80,0,0
322,80,62,12,6
323,80,79,1,0
324,80,0,0,80
325,80,12,66,2
326,79,77,1,1
327,78,63,1,14
328,78,71,5,2
329,77,70,1,6
330,77,66,1,10
331,77,77,0,0
332,76,54,15,7
333,76,75,1,0
334,75,1,2,72
335,75,71,3,1
336,75,4,0,71
337,74,22,7,45
338,74,1,5,68
339,73,27,40,6
340,73,73,0,0
341,73,69,1,3
342,73,2,71,0
343,73,41,4,28
344,72,14,12,46
345,72,69,0,3
346,72,10,56,6
347,71,65,3,3
348,71,12,47,12
349,71,1,0,70
350,71,57,5,9
351,70,68,1,1
352,70,41,6,23
353,70,0,0,70
354,70,13,4,53
355,70,69,1,0
356,70,4,59,7
357,69,23,1,45
358,69,49,4,16
359,69,0,0,69
360,68,54,6,8
361,68,67,1,0
362,68,4,1,63
363,68,3,57,8
364,68,1,0,67
365,67,0,0,67
366,67,65,0,2
367,67,6,52,9
368,66,29,4,33
369,66,63,3,0
370,66,19,13,34
371,66,5,9,52
372,65,19,33,13
373,65,65,0,0
374,65,65,0,0
375,65,0,1,64
376,65,63,2,0
377,64,14,23,27
378,64,49,11,4
379,64,15,49,0
380,64,7,18,39
381,63,30,4,29
382,63,21,34,8
383,63,63,0,0
384,63,57,3,3
385,63,52,7,4
386,63,0,0,63
387,62,0,48,14
388,62,7,48,7
389,61,11,43,7
390,61,60,1,0
391,61,2,7,52
392,61,0,0,61
393,61,47,13,1
394,60,29,27,4
395,60,55,1,4
396,60,15,43,2
397,60,19,20,21
398,60,56,1,3
399,60,15,22,23
400,59,57,2,0
401,59,3,1,55
402,59,54,1,4
403,59,52,3,4
404,59,55,1,3
405,59,11,39,9
406,58,53,4,1
407,58,54,4,0
408,58,55,2,1
409,58,58,0,0
410,58,57,1,0
411,58,57,0,1
412,58,54,0,4
413,57,4,25,28
414,57,55,0,2
415,56,56,0,0
416,56,51,3,2
417,56,54,2,0
418,56,6,48,2
419,55,55,0,0
420,55,0,0,55
421,55,0,2,53
422,55,15,38,2
423,55,11,24,20
424,55,2,0,53
425,55,26,8,21
426,55,2,52,1
427,54,54,0,0
428,54,52,0,2
429,54,9,44,1
430,54,53,0,1
431,54,3,48,3
432,53,2,6,45
433,53,53,0,0
434,53,52,1,0
435,53,49,2,2
436,53,52,1,0
437,52,52,0,0
438,52,52,0,0
439,51,51,0,0
440,51,51,0,0
441,51,51,0,0
442,51,10,1,40
443,51,0,2,49
444,51,48,3,0
445,51,36,1,14
446,50,38,1,11
447,50,36,11,3
448,49,14,26,9
449,49,13,3,33
450,49,49,0,0
451,49,12,33,4
452,48,48,0,0
453,48,11,26,11
454,48,45,1,2
455,48,20,18,10
456,48,3,0,45
457,48,48,0,0
458,47,13,25,9
459,47,0,3,44
460,46,0,8,38
461,46,7,2,37
462,46,46,0,0
463,46,44,1,1
464,46,45,1,0
465,45,9,0,36
466,45,45,0,0
467,44,43,0,1
468,44,39,5,0
469,44,1,1,42
470,44,1,1,42
471,44,9,28,7
472,44,43,1,0
473,44,41,2,1
474,44,43,0,1
475,44,28,6,10
476,44,9,29,6
477,43,2,0,41
478,43,42,0,1
479,43,3,38,2
480,43,40,1,2
481,43,16,27,0
482,43,43,0,0
483,42,0,0,42
484,41,0,0,41
485,41,0,0,41
486,41,7,21,13
487,41,41,0,0
488,41,0,0,41
489,41,24,2,15
490,41,39,2,0
491,40,35,0,5
492,40,39,0,1
493,40,40,0,0
